{"credit":"MadewithBlockbench","texture_size":[128,128],"textures":{"0":"japan_street_v4:japan_street_v4/sign10entexture"},"elements":[{"from":[-8,-16,6.5],"to":[32,3,9.5],"rotation":{"angle":0,"axis":"y","origin":[12,-17.25,8]},"faces":{"north":{"uv":[0.375,0.375,5.375,2.75],"texture":"#0"},"east":{"uv":[0,0.375,0.375,2.75],"texture":"#0"},"south":{"uv":[5.75,0.375,10.75,2.75],"texture":"#0"},"west":{"uv":[5.375,0.375,5.75,2.75],"texture":"#0"},"up":{"uv":[5.375,0.375,0.375,0],"texture":"#0"},"down":{"uv":[10.375,0,5.375,0.375],"texture":"#0"}}},{"from":[1,3,6.5],"to":[23,11,9.5],"rotation":{"angle":0,"axis":"y","origin":[12,-17.25,8]},"faces":{"north":{"uv":[0.375,3.5625,3.125,4.5625],"texture":"#0"},"east":{"uv":[0,3.5625,0.375,4.5625],"texture":"#0"},"south":{"uv":[0.25,4.9375,3,5.9375],"texture":"#0"},"west":{"uv":[3.125,3.5625,3.5,4.5625],"texture":"#0"},"up":{"uv":[3,3.5625,0.25,3.1875],"texture":"#0"},"down":{"uv":[3,4.5625,0.25,4.9375],"texture":"#0"}}},{"from":[4,11,6.5],"to":[20,14,9.5],"rotation":{"angle":0,"axis":"y","origin":[12,-17.25,8]},"faces":{"north":{"uv":[0.375,6.375,2.375,6.75],"texture":"#0"},"east":{"uv":[0,6.375,0.375,6.75],"texture":"#0"},"south":{"uv":[2.75,6.375,4.75,6.75],"texture":"#0"},"west":{"uv":[2.375,6.375,2.75,6.75],"texture":"#0"},"up":{"uv":[2.375,6.375,0.375,6],"texture":"#0"},"down":{"uv":[4.375,6,2.375,6.375],"texture":"#0"}}},{"from":[-7.5,15.5,-1.5],"to":[-5.5,17.5,17.5],"rotation":{"angle":0,"axis":"y","origin":[-6.5,16.5,8]},"faces":{"north":{"uv":[7.25,10.875,7,10.625],"rotation":180,"texture":"#0"},"east":{"uv":[6.75,10.875,7,13.25],"rotation":90,"texture":"#0"},"south":{"uv":[7.5,10.625,7.25,10.875],"texture":"#0"},"west":{"uv":[7.25,10.875,7.5,13.25],"rotation":270,"texture":"#0"},"up":{"uv":[7.5,10.875,7.75,13.25],"texture":"#0"},"down":{"uv":[7,10.875,7.25,13.25],"rotation":180,"texture":"#0"}}},{"from":[-6.52538,16.52538,-0.5],"to":[30.47462,16.62538,16.5],"rotation":{"angle":0,"axis":"y","origin":[14.97462,7.57538,2.5]},"faces":{"north":{"uv":[16,13.75,16,8.875],"rotation":270,"texture":"#0"},"east":{"uv":[16,13.75,16,16],"rotation":90,"texture":"#0"},"south":{"uv":[16,8.875,16,13.75],"rotation":270,"texture":"#0"},"west":{"uv":[16,10.75,16,13],"rotation":270,"texture":"#0"},"up":{"uv":[9.625,12.75,14.25,14.875],"texture":"#0"},"down":{"uv":[9.625,12.75,14.25,14.875],"rotation":180,"texture":"#0"}}},{"from":[29.5,15.5,-1.5],"to":[31.5,17.5,17.5],"rotation":{"angle":0,"axis":"y","origin":[-8.5,16.5,8]},"faces":{"north":{"uv":[7.25,10.875,7,10.625],"rotation":180,"texture":"#0"},"east":{"uv":[6.75,10.875,7,13.25],"rotation":90,"texture":"#0"},"south":{"uv":[7.5,10.625,7.25,10.875],"texture":"#0"},"west":{"uv":[7.25,10.875,7.5,13.25],"rotation":270,"texture":"#0"},"up":{"uv":[7.5,10.875,7.75,13.25],"texture":"#0"},"down":{"uv":[7,10.875,7.25,13.25],"rotation":180,"texture":"#0"}}},{"from":[-7.25,2.25,7],"to":[-5.75,17.5,9],"rotation":{"angle":22.5,"axis":"x","origin":[-6.5,3,9]},"faces":{"north":{"uv":[6.25,13.5,6.5,15.875],"texture":"#0"},"east":{"uv":[6,13.5,6.25,15.875],"texture":"#0"},"south":{"uv":[5.75,13.5,6,15.875],"texture":"#0"},"west":{"uv":[5.5,13.5,5.75,15.875],"texture":"#0"},"up":{"uv":[5.75,13.25,6,13.5],"texture":"#0"},"down":{"uv":[6,13.5,6.25,13.25],"texture":"#0"}}},{"from":[-7.125,2.25,7],"to":[-5.875,17.5,9],"rotation":{"angle":-22.5,"axis":"x","origin":[-6.5,3,7]},"faces":{"north":{"uv":[6,13.5,5.75,15.875],"texture":"#0"},"east":{"uv":[6.25,13.5,6,15.875],"texture":"#0"},"south":{"uv":[6.5,13.5,6.25,15.875],"texture":"#0"},"west":{"uv":[5.75,13.5,5.5,15.875],"texture":"#0"},"up":{"uv":[5.75,13.5,6,13.25],"texture":"#0"},"down":{"uv":[6,13.25,6.25,13.5],"texture":"#0"}}},{"from":[29.75,2.25,7],"to":[31.25,17.5,9],"rotation":{"angle":22.5,"axis":"x","origin":[30.5,3,9]},"faces":{"north":{"uv":[6.25,13.5,6.5,15.875],"texture":"#0"},"east":{"uv":[6,13.5,6.25,15.875],"texture":"#0"},"south":{"uv":[5.75,13.5,6,15.875],"texture":"#0"},"west":{"uv":[5.5,13.5,5.75,15.875],"texture":"#0"},"up":{"uv":[5.75,13.25,6,13.5],"texture":"#0"},"down":{"uv":[6,13.5,6.25,13.25],"texture":"#0"}}},{"from":[29.875,2.25,7],"to":[31.125,17.5,9],"rotation":{"angle":-22.5,"axis":"x","origin":[30.5,3,7]},"faces":{"north":{"uv":[6,13.5,5.75,15.875],"texture":"#0"},"east":{"uv":[6.25,13.5,6,15.875],"texture":"#0"},"south":{"uv":[6.5,13.5,6.25,15.875],"texture":"#0"},"west":{"uv":[5.75,13.5,5.5,15.875],"texture":"#0"},"up":{"uv":[5.75,13.5,6,13.25],"texture":"#0"},"down":{"uv":[6,13.25,6.25,13.5],"texture":"#0"}}},{"from":[29.5,2.5,6],"to":[31.5,4.5,10],"rotation":{"angle":0,"axis":"y","origin":[-8.5,16.5,8]},"faces":{"north":{"uv":[7.25,10.875,7,10.625],"rotation":180,"texture":"#0"},"east":{"uv":[6.75,10.875,7,11.375],"rotation":90,"texture":"#0"},"south":{"uv":[7.5,10.625,7.25,10.875],"texture":"#0"},"west":{"uv":[7.25,10.875,7.5,11.375],"rotation":270,"texture":"#0"},"up":{"uv":[7.5,10.875,7.75,11.375],"texture":"#0"},"down":{"uv":[7,10.875,7.25,11.375],"rotation":180,"texture":"#0"}}},{"from":[-7.5,2.5,6],"to":[-5.5,4.5,10],"rotation":{"angle":0,"axis":"y","origin":[-8.5,16.5,8]},"faces":{"north":{"uv":[7.25,10.875,7,10.625],"rotation":180,"texture":"#0"},"east":{"uv":[6.75,10.875,7,11.375],"rotation":90,"texture":"#0"},"south":{"uv":[7.5,10.625,7.25,10.875],"texture":"#0"},"west":{"uv":[7.25,10.875,7.5,11.375],"rotation":270,"texture":"#0"},"up":{"uv":[7.5,10.875,7.75,11.375],"texture":"#0"},"down":{"uv":[7,10.875,7.25,11.375],"rotation":180,"texture":"#0"}}},{"from":[-16,0,7],"to":[10,2,9],"rotation":{"angle":0,"axis":"y","origin":[7.31497,4.49086,8]},"faces":{"north":{"uv":[7,5.25,7.25,8.5],"rotation":270,"texture":"#0"},"east":{"uv":[7.25,5.25,7,5],"rotation":90,"texture":"#0"},"south":{"uv":[7.5,5.25,7.75,8.5],"rotation":90,"texture":"#0"},"west":{"uv":[7.5,5,7.25,5.25],"rotation":90,"texture":"#0"},"up":{"uv":[7.25,5.25,7.5,8.5],"rotation":90,"texture":"#0"},"down":{"uv":[6.75,5.25,7,8.5],"rotation":90,"texture":"#0"}}},{"from":[-12.75825,2.05672,8],"to":[-10.75825,16.05672,8],"rotation":{"angle":0,"axis":"y","origin":[7.49175,8.55672,8]},"faces":{"north":{"uv":[7.75,7,9.5,7.25],"rotation":270,"texture":"#0"},"east":{"uv":[9.5,7,7.75,7],"rotation":90,"texture":"#0"},"south":{"uv":[9.5,7,11.25,7.25],"rotation":90,"texture":"#0"},"west":{"uv":[11.25,7,9.5,7],"rotation":90,"texture":"#0"},"up":{"uv":[9.5,7,9.5,7.25],"rotation":90,"texture":"#0"},"down":{"uv":[7.75,7,7.75,7.25],"rotation":90,"texture":"#0"}}},{"from":[-16,15.55672,7],"to":[-5,17.55672,9],"rotation":{"angle":0,"axis":"y","origin":[7.49175,8.55672,8]},"faces":{"north":{"uv":[7,5.25,7.25,6.625],"rotation":270,"texture":"#0"},"east":{"uv":[7.25,5.25,7,5],"rotation":90,"texture":"#0"},"south":{"uv":[7.5,5.25,7.75,6.625],"rotation":90,"texture":"#0"},"west":{"uv":[7.5,5,7.25,5.25],"rotation":90,"texture":"#0"},"up":{"uv":[7.25,5.25,7.5,6.625],"rotation":90,"texture":"#0"},"down":{"uv":[6.75,5.25,7,6.625],"rotation":90,"texture":"#0"}}},{"from":[-16,-15.94328,7],"to":[10,-13.94328,9],"rotation":{"angle":0,"axis":"y","origin":[7.49175,8.55672,8]},"faces":{"north":{"uv":[7,5.25,7.25,8.5],"rotation":270,"texture":"#0"},"east":{"uv":[7.25,5.25,7,5],"rotation":90,"texture":"#0"},"south":{"uv":[7.5,5.25,7.75,8.5],"rotation":90,"texture":"#0"},"west":{"uv":[7.5,5,7.25,5.25],"rotation":90,"texture":"#0"},"up":{"uv":[7.25,5.25,7.5,8.5],"rotation":90,"texture":"#0"},"down":{"uv":[6.75,5.25,7,8.5],"rotation":90,"texture":"#0"}}},{"from":[-12.75825,-13.94328,8],"to":[-10.75825,0.05672,8],"rotation":{"angle":0,"axis":"y","origin":[7.49175,8.55672,8]},"faces":{"north":{"uv":[7.75,7,9.5,7.25],"rotation":270,"texture":"#0"},"east":{"uv":[9.5,7,7.75,7],"rotation":90,"texture":"#0"},"south":{"uv":[9.5,7,11.25,7.25],"rotation":90,"texture":"#0"},"west":{"uv":[11.25,7,9.5,7],"rotation":90,"texture":"#0"},"up":{"uv":[9.5,7,9.5,7.25],"rotation":90,"texture":"#0"},"down":{"uv":[7.75,7,7.75,7.25],"rotation":90,"texture":"#0"}}}],"gui_light":"front","display":{"thirdperson_righthand":{"rotation":[67.5,0,0],"translation":[0,0.75,1.25],"scale":[0.12773,0.12773,0.12773]},"thirdperson_lefthand":{"rotation":[67.5,0,0],"translation":[0,0.75,1.25],"scale":[0.12773,0.12773,0.12773]},"firstperson_righthand":{"rotation":[0,180,0],"translation":[1.5,5.75,0],"scale":[0.20898,0.20898,0.20898]},"firstperson_lefthand":{"translation":[1.5,5.75,0],"scale":[0.20898,0.20898,0.20898]},"ground":{"translation":[0,6,0],"scale":[0.25,0.25,0.25]},"gui":{"rotation":[30,135,0],"translation":[0.75,1.5,0],"scale":[0.3125,0.3125,0.3125]},"head":{"rotation":[0,180,0],"translation":[0,-4.8,0],"scale":[1.6,1.6,1.6]},"fixed":{"rotation":[0,90,0],"translation":[0,0,-48],"scale":[2,2,2]}}}